{
	"class_name" : "PinholeCameraParameters",
	"extrinsic" : 
	[
		0.27273528985007706,
		-0.11921275604209443,
		-0.95467469876772304,
		0.0,
		0.0003468315316254994,
		-0.99228117499515478,
		0.12400786046909935,
		0.0,
		-0.96208905064878647,
		-0.034152431056705436,
		-0.27058874713231118,
		0.0,
		88.234159898450173,
		28.561274523602773,
		177.33364440944206,
		1.0
	],
	"intrinsic" : 
	{
		"height" : 1055,
		"intrinsic_matrix" : 
		[
			913.65680099258282,
			0.0,
			0.0,
			0.0,
			913.65680099258282,
			0.0,
			959.5,
			527.0,
			1.0
		],
		"width" : 1920
	},
	"version_major" : 1,
	"version_minor" : 0
}